"anon_sname","age_first_birth","cumulative_adversity_three_plus","pop_growth_two_years","group_size_females_first_birth"
1,6.510609172,3,0.00120355,8
2,5.429158111,1,0.001263979,7
3,5.28678987,1,0.001028655,15
4,6.351813826,3,0.001072663,9
5,6.926762491,NA,0.001181335,18
6,6.12183436,2,0.000910262,9
7,5.048596851,NA,0.001661717,14
8,5.80971937,3,0.000775243,18
9,5.681040383,2,0.001084792,31
10,6.078028747,1,0.001134616,21
11,6.672142368,1,0.000845666,31
12,5.77412731,1,0.001242716,19
13,5.371663244,0,0.00110011,10
14,6.110882957,2,0.00094043,2
15,7.134839151,2,0.00107905,11
16,5.853524983,NA,0.001196282,14
17,6.108145106,2,0.001366004,24
19,6.266940452,NA,0.000818331,19
20,6.7816564,1,0.000634768,26
23,6.959616701,1,0.001098113,22
24,7.170431211,3,0.001350761,20
25,5.798767967,1,0.000916108,24
27,6.562628337,2,0.000856317,7
28,6.92128679,2,0.000778399,26
29,6.343600274,3,0.00093372,14
30,6.198494182,1,0.001110651,21
31,6.672142368,2,0.000971507,22
32,6.151950719,NA,0.000605144,14
33,4.936344969,NA,0.001426479,9
34,6.072553046,NA,0.001480975,12
35,6.19301848,1,0.001366004,24
36,5.708418891,NA,0.000845371,7
37,5.538672142,1,0.001174715,10
38,6.028747433,2,0.000998682,24
39,6.05338809,NA,0.001034713,19
40,7.542778919,0,0.00116132,4
41,5.579739904,1,0.000719798,18
42,6.332648871,NA,0.001507613,13
43,5.971252567,0,0.001140953,20
44,5.607118412,0,0.00107999,12
45,7.351129363,3,0.000713715,15
46,5.94934976,2,0.000939243,22
47,6.179329227,1,0.001082902,9
48,6.770704997,0,0.00093428,20
49,6.762491444,0,0.000889235,18
50,6.729637235,NA,0.00135985,18
51,6.078028747,0,0.001094199,15
52,6.53798768,2,0.001032196,20
53,6.340862423,NA,0.000896836,17
54,5.478439425,0,0.001106459,20
55,5.716632444,0,0.001234229,17
56,5.511293634,NA,0.000681199,16
57,6.061601643,2,0.001205336,21
58,6.368240931,NA,0.000605144,14
59,6.39835729,2,0.001112628,21
60,5.957563313,NA,0.001367829,12
61,6.275154004,3,0.000742698,2
62,6.0862423,3,0.000931283,10
63,6.863791923,NA,0.001034713,19
64,5.853524983,2,0.001283752,24
66,7.488021903,NA,0.000773972,3
68,6.940451745,1,0.000955499,20
69,6.387405886,3,0.000683381,18
70,4.936344969,NA,0.001256964,13
71,6.242299795,NA,0.001300083,15
72,6.833675565,1,0.001156911,24
73,7.504449008,1,0.000792737,26
74,6.395619439,NA,0.001490128,21
75,5.965776865,2,0.001283258,24
76,6.598220397,NA,0.00139389,16
77,5.990417522,2,0.001091615,23
78,6.527036277,3,0.000933771,21
80,6.32991102,3,0.001084733,20
81,5.995893224,2,0.000905977,21
82,8.010951403,1,0.001095181,23
83,5.656399726,NA,0.00013777,14
84,5.80971937,0,0.001438389,21
85,6.548939083,1,0.000965773,25
86,5.952087611,NA,0.001152643,19
87,6.702258727,0,0.001196156,20
88,6.510609172,1,0.00107544,11
89,5.28678987,1,0.001196732,20
90,8.131416838,2,0.000906469,14
91,6.165639973,1,0.001098717,20
92,5.347022587,0,0.001197331,15
93,8.350444901,NA,0.000412286,18
95,6.669404517,0,0.001007479,23
97,7.028062971,0,0.001087616,25
98,7.578370979,2,0.001038925,2
99,5.941136208,3,0.001027521,25
100,6.406570842,0,0.000586682,16
101,6.524298426,NA,0.000735971,14
102,6.132785763,NA,0.00132681,23
103,5.029431896,1,0.000261327,12
105,7.742642026,2,0.0008677,13
107,5.382614648,NA,0.000640556,13
108,6.061601643,0,0.001035343,13
109,5.84257358,0,0.001155698,17
110,5.850787132,1,0.001214078,14
111,5.629021218,1,0.000986258,23
112,6.05065024,0,0.001145038,10
113,7.249828884,2,0.001268392,12
115,5.716632444,1,0.001477441,13
117,6.357289528,1,0.001138635,26
118,5.661875428,1,0.000606462,15
119,6.390143737,1,0.001073053,21
120,6.442162902,1,0.000797777,9
121,6.042436687,0,0.000589038,12
122,5.864476386,0,0.001100153,19
123,5.952087611,NA,0.00153406,19
124,7.154004107,1,0.000789863,10
125,5.84257358,3,0.000756408,11
126,7.405886379,1,0.001233139,13
127,6.458590007,2,0.000900114,18
128,5.316906229,1,0.001136073,16
129,5.768651608,1,0.001179763,10
130,5.979466119,0,0.000586059,15
132,5.486652977,2,0.001258059,10
133,6.173853525,0,0.001300636,29
134,5.169062286,NA,0.000736038,14
135,5.029431896,1,0.000943928,13
136,6.29705681,1,0.001062964,28
137,6.32991102,1,0.001318756,23
138,6.006844627,2,0.000931572,26
139,6.113620808,1,0.001123596,23
140,6.940451745,0,0.00102051,25
141,5.943874059,0,0.001191059,30
142,6.004106776,2,0.001065371,20
143,5.897330595,3,0.000615732,27
144,5.423682409,2,0.00095816,4
145,5.481177276,3,0.000949536,29
146,6.067077344,1,0.001050882,25
147,5.924709103,2,0.00104412,28
148,6.368240931,2,0.001122608,14
149,7.290896646,2,0.001069009,24
150,6.507871321,2,0.000684082,18
151,5.771389459,3,0.000901765,16
152,6.0862423,NA,0.000847139,16
153,7.550992471,0,0.001122608,23
154,5.637234771,3,0.001674147,9
155,5.960301164,NA,0.001468042,12
156,5.754962355,1,0.001124965,9
157,6.39835729,2,0.001204619,20
158,5.697467488,1,0.00017155,12
159,6.349075975,2,0.00118992,16
160,6.039698836,NA,0.000854539,14
161,6.896646133,3,0.000728436,22
162,5.995893224,3,0.001207389,19
163,5.845311431,1,0.000946413,22
164,7.06091718,0,0.001001592,23
165,7.446954141,1,0.000591858,20
166,6.737850787,0,0.001068467,22
167,6.023271732,NA,0.001286788,19
168,6.047912389,1,0.000168039,12
169,6.603696099,0,0.000956342,14
170,6.606433949,1,0.00099798,14
171,7.978097194,NA,0.001056542,21
172,6.417522245,3,0.001038709,21
173,5.722108145,2,0.001283752,24
174,7.657768652,1,0.001303397,21
175,6.291581109,2,0.001332807,19
176,5.363449692,2,0.000954557,5
177,5.486652977,2,0.001153883,7
178,5.730321697,NA,0.001031899,9
180,6.625598905,NA,0.001659605,14
181,6.729637235,2,0.001324277,6
182,5.765913758,2,0.001136769,10
184,7.54825462,2,0.001095181,10
185,6.98973306,NA,0.001556572,19
186,6.0862423,1,0.001032753,9
187,5.919233402,NA,0.00166066,13
188,7.509924709,1,0.00105387,10
189,6.929500342,1,0.001154148,29
190,6.99247091,1,0.001117069,10
192,5.87816564,NA,0.001181408,11
193,5.94661191,0,0.001178122,21
194,5.889117043,2,0.001283427,30
195,7.066392882,NA,0.000479962,20
196,6.735112936,NA,0.000742656,2
197,5.267624914,1,0.001122164,10
198,5.84257358,1,0.001026096,23
199,5.388090349,1,0.001466432,16
201,7.011635866,NA,0.001252819,21
202,5.511293634,NA,0.00153406,19
203,6.461327858,3,0.001585963,12
204,5.856262834,2,0.001326544,23
205,6.562628337,1,0.001111814,22
206,7.657768652,2,0.001269378,13
207,5.686516085,1,0.001186829,14
208,6.291581109,0,0.001048699,21
209,5.900068446,1,0.001051419,20
210,6.858316222,2,0.000712809,15
211,5.787816564,1,0.001187484,21
212,6.833675565,2,0.000756408,18
213,5.886379192,0,0.000814018,22
214,6.031485284,1,0.001196156,21
215,6.15742642,2,0.000950947,22
216,5.722108145,1,0.001025968,10
217,6.64202601,3,0.001238475,21
218,5.593429158,NA,0.000840179,18
219,6.075290897,NA,0.00133824,24
220,6.072553046,NA,0.000474383,17
221,6.590006845,2,0.000944335,21
222,7.118412047,NA,0.000661845,17
223,5.905544148,NA,0.001531457,18
224,6.228610541,1,0.00093056,2
225,5.440109514,NA,0.00122913,12
226,5.106091718,0,0.001122822,11
227,6.475017112,NA,0.00051969,19
228,5.735797399,NA,0.001344181,11
229,7.071868583,1,0.00102591,23
230,5.752224504,NA,0.001141444,19
231,5.768651608,NA,0.001679749,16
232,5.976728268,NA,0.001331392,18
233,5.544147844,NA,NA,16
234,6.483230664,NA,0.001004319,15
235,6.264202601,NA,0.000774793,18
236,5.133470226,1,0.000993246,10
237,5.689253936,NA,0.000526531,12
238,7.575633128,3,0.000930849,2
239,5.828884326,NA,0.001162453,16
240,5.856262834,0,0.001069064,15
241,5.971252567,3,0.000846971,15
242,5.404517454,1,0.001161199,20
243,5.954825462,1,0.001060883,15
244,6.636550308,2,0.001094077,15
245,5.620807666,NA,0.000844812,10
246,6.406570842,0,0.00104323,15
247,5.538672142,NA,0.001180638,11
248,5.626283368,3,0.001108688,9
249,6.299794661,NA,0.001138616,18
250,6.143737166,0,0.001160916,22
251,5.456536619,NA,0.000619502,14
252,6.565366188,1,0.001233449,17
253,7.400410678,0,0.001038343,15
254,5.01026694,NA,0.001353867,8
255,5.744010951,NA,0.000177148,9
256,5.817932923,2,0.001029458,8
257,5.98220397,NA,0.000737531,19
258,6.491444216,0,0.001312838,13
259,5.921971253,2,0.001196121,6
260,7.44421629,2,0.000858311,8
261,5.360711841,2,0.001143184,9
262,5.730321697,NA,0.000513988,10
263,5.98220397,0,0.001479648,12
265,5.968514716,2,0.001263719,22
266,5.697467488,2,0.001283752,23
267,6.105407255,1,0.000296199,12
268,6.661190965,1,0.001469037,9
269,6.29431896,1,0.00115591,15
270,4.750171116,2,0.00097785,23
271,5.040383299,0,0.001657498,9
272,5.593429158,1,0.000861052,29
273,5.754962355,0,0.000988598,23
275,5.295003422,0,0.00106447,21
276,5.336071184,NA,0.001486805,19
277,5.35797399,0,0.001064597,23
278,5.869952088,1,0.001188363,26
279,5.382614648,0,0.001141444,16
280,7.310061602,NA,0.000823346,19
281,5.481177276,1,0.00101973,27
282,6.636550308,1,0.001177462,18
283,5.987679671,0,0.001108792,17
284,5.856262834,2,0.001064356,14
285,5.420944559,2,0.001035273,22
286,6.937713895,1,0.000906469,3
287,6.839151266,0,0.000917782,23
289,5.505817933,3,0.001682521,13
290,5.514031485,0,0.001251408,17
291,6.247775496,2,0.001054656,29
293,6.042436687,1,0.001177604,19
294,6.351813826,2,0.000734178,30
295,7.225188227,2,0.000742316,4
296,6.280629706,1,0.001054271,25
297,6.286105407,0,0.00110333,19
298,6.600958248,2,0.001210081,20
299,6.934976044,2,0.000928001,19
300,6.151950719,1,0.000934671,22
301,5.571526352,1,0.001084931,16
302,5.708418891,1,0.000950541,20
